{
  "display": {
    "icon": {
      "item": "minecraft:cauldron"
    },
    "title": "Wait, That's Illegal",
    "description": "Empty a water bucket into a cauldron in the nether",
    "frame": "task",
    "show_toast": true,
    "announce_to_chat": true,
    "hidden": false
  },
  "criteria": {
    "fill": {
      "trigger": "minecraft:item_used_on_block",
      "conditions": {
        "item": {
          "items": [
            "minecraft:water_bucket"
          ]
        },
        "location": {
          "block": {
            "blocks": [
              "minecraft:cauldron"
            ]
          }
        }
      }
    }
  },
  "rewards": {
      "function": "bingo:check"
  },
  "parent": "bingo:~"
}
