{
  "display": {
    "icon": {
      "item": "minecraft:crossbow"
    },
    "title": "RPG",
    "description": "Fire a firework from a crossbow",
    "frame": "task",
    "show_toast": true,
    "announce_to_chat": true,
    "hidden": false
  },
  "criteria": {
    "shoot": {
      "trigger": "minecraft:shot_crossbow",
      "conditions": {
        "item": {
          "nbt": "ChargedProjectiles:[{},{id:\"minecraft:firework_rocket\",Count:1b},{}]"
        }
      }
    }
  },
  "rewards": {
      "function": "bingo:check"
  },
  "parent": "bingo:~"
}
