{
  "display": {
    "icon": {
      "item": "minecraft:hay_block"
    },
    "title": "Hay IS for Horses",
    "description": "Feed a straw bale to a horse",
    "frame": "task",
    "show_toast": true,
    "announce_to_chat": true,
    "hidden": false
  },
  "criteria": {
    "feed": {
      "trigger": "minecraft:player_interacted_with_entity",
      "conditions": {
        "item": {
          "items": [
            "minecraft:hay_block"
          ]
        },
        "entity": {
          "type": "minecraft:horse"
        }
      }
    }
  },
  "rewards": {
      "function": "bingo:check"
  },
  "parent": "bingo:~"
}
