{
  "display": {
    "icon": {
      "item": "minecraft:sugar_cane"
    },
    "title": "Impatient",
    "description": "Plant sugar cane on top of sugar cane",
    "frame": "task",
    "show_toast": true,
    "announce_to_chat": true,
    "hidden": false
  },
  "criteria": {
    "place": {
      "trigger": "minecraft:placed_block",
      "conditions": {
        "block": "minecraft:sugar_cane",
        "location": {
          "block": {
            "blocks": [
              "minecraft:sugar_cane"
            ]
          }
        }
      }
    }
  },
  "rewards": {
      "function": "bingo:check"
  },
  "parent": "bingo:~"
}
