{
  "display": {
    "icon": {
      "item": "minecraft:wheat_seeds"
    },
    "title": "533ds",
    "description": "Obtain 533 wheat seeds",
    "frame": "task",
    "show_toast": true,
    "announce_to_chat": true,
    "hidden": false
  },
  "criteria": {
    "get": {
      "trigger": "minecraft:inventory_changed",
      "conditions": {
        "items": [
          {
            "items": [
              "minecraft:wheat_seeds"
            ],
            "count": {
              "min": 533,
              "max": 1000
            }
          }
        ]
      }
    }
  },
  "rewards": {
      "function": "bingo:check"
  },
  "parent": "bingo:~"
}
