{
  "display": {
    "icon": {
      "item": "minecraft:bone_block"
    },
    "title": "*Archaeologist, Not a Grave Robber",
    "description": "Find a nether fossil and take 3 bone blocks",
    "frame": "task",
    "show_toast": true,
    "announce_to_chat": true,
    "hidden": false
  },
  "criteria": {
    "travel": {
      "trigger": "minecraft:location",
      "conditions": {
        "location": {
          "feature": "nether_fossil"
        }
      }
    },
    "get": {
      "trigger": "minecraft:inventory_changed",
      "conditions": {
        "items": [
          {
            "items": [
              "minecraft:bone_block"
            ],
            "count": {
              "min": 3,
              "max": 64
            }
          }
        ]
      }
    }
  },
  "rewards": {
      "function": "bingo:check"
  },
  "parent": "bingo:01"
}
