{
  "display": {
    "icon": {
      "item": "minecraft:totem_of_undying"
    },
    "title": "*Totes Still Alive",
    "description": "Obtain a totem of undying",
    "frame": "challenge",
    "show_toast": true,
    "announce_to_chat": true,
    "hidden": false
  },
  "criteria": {
    "get": {
      "trigger": "minecraft:inventory_changed",
      "conditions": {
        "items": [
          {
            "items": [
              "minecraft:totem_of_undying"
            ]
          }
        ]
      }
    }
  },
  "rewards": {
      "function": "bingo:check"
  },
  "parent": "bingo:02"
}
