{
  "display": {
    "icon": {
      "item": "minecraft:water_bucket"
    },
    "title": "*Into the Unknown",
    "description": "Swim in water at light level 0",
    "frame": "task",
    "show_toast": true,
    "announce_to_chat": true,
    "hidden": false
  },
  "criteria": {
    "travel": {
      "trigger": "minecraft:location",
      "conditions": {
        "location": {
          "light": {
            "light": 0
          },
          "fluid": {
            "fluid": "minecraft:water"
          }
        }
      }
    }
  },
  "rewards": {
      "function": "bingo:check"
  },
  "parent": "bingo:04"
}
