{
  "display": {
    "icon": {
      "item": "minecraft:oak_boat"
    },
    "title": "*Wanderer",
    "description": "Travel 5000 blocks from the center of the world",
    "frame": "task",
    "show_toast": true,
    "announce_to_chat": true,
    "hidden": false
  },
  "criteria": {
    "posx": {
      "trigger": "minecraft:location",
      "conditions": {
        "location": {
          "position": {
            "x": {
              "min": 5000
            }
          }
        }
      }
    },
    "posz": {
      "trigger": "minecraft:location",
      "conditions": {
        "location": {
          "position": {
            "z": {
              "min": 5000
            }
          }
        }
      }
    },
    "negx": {
      "trigger": "minecraft:location",
      "conditions": {
        "location": {
          "position": {
            "x": {
              "max": -5000
            }
          }
        }
      }
    },
    "negz": {
      "trigger": "minecraft:location",
      "conditions": {
        "location": {
          "position": {
            "z": {
              "max": -5000
            }
          }
        }
      }
    }
  },
  "requirements": [
    [
      "posx",
	  "posz",
      "negx",
	  "negz"
    ]
  ],
  "rewards": {
      "function": "bingo:check"
  },
  "parent": "bingo:14"
}
