{
  "display": {
    "icon": {
      "item": "minecraft:oak_door"
    },
    "title": "*aDOORable",
    "description": "Obtain one of every kind of door",
    "frame": "task",
    "show_toast": true,
    "announce_to_chat": true,
    "hidden": false
  },
  "criteria": {
    "getacacia": {
      "trigger": "minecraft:inventory_changed",
      "conditions": {
        "items": [
          {
            "items": [
              "minecraft:acacia_door"
            ]
          }
        ]
      }
    },
    "getbirch": {
      "trigger": "minecraft:inventory_changed",
      "conditions": {
        "items": [
          {
            "items": [
              "minecraft:birch_door"
            ]
          }
        ]
      }
    },
    "getcrimson": {
      "trigger": "minecraft:inventory_changed",
      "conditions": {
        "items": [
          {
            "items": [
              "minecraft:crimson_door"
            ]
          }
        ]
      }
    },
    "getdark": {
      "trigger": "minecraft:inventory_changed",
      "conditions": {
        "items": [
          {
            "items": [
              "minecraft:dark_oak_door"
            ]
          }
        ]
      }
    },
    "getiron": {
      "trigger": "minecraft:inventory_changed",
      "conditions": {
        "items": [
          {
            "items": [
              "minecraft:iron_door"
            ]
          }
        ]
      }
    },
    "getjungle": {
      "trigger": "minecraft:inventory_changed",
      "conditions": {
        "items": [
          {
            "items": [
              "minecraft:jungle_door"
            ]
          }
        ]
      }
    },
    "getoak": {
      "trigger": "minecraft:inventory_changed",
      "conditions": {
        "items": [
          {
            "items": [
              "minecraft:oak_door"
            ]
          }
        ]
      }
    },
    "getspruce": {
      "trigger": "minecraft:inventory_changed",
      "conditions": {
        "items": [
          {
            "items": [
              "minecraft:spruce_door"
            ]
          }
        ]
      }
    },
    "getwarped": {
      "trigger": "minecraft:inventory_changed",
      "conditions": {
        "items": [
          {
            "items": [
              "minecraft:warped_door"
            ]
          }
        ]
      }
    }
  },
  "rewards": {
      "function": "bingo:check"
  },
  "parent": "bingo:20"
}
