{
  "display": {
    "icon": {
      "item": "minecraft:white_wool"
    },
    "title": "*Rainbow Coat",
    "description": "Obtain each colour of wool",
    "frame": "task",
    "show_toast": true,
    "announce_to_chat": true,
    "hidden": false
  },
  "criteria": {
    "getblack": {
      "trigger": "minecraft:inventory_changed",
      "conditions": {
        "items": [
          {
            "items": [
              "minecraft:black_wool"
            ]
          }
        ]
      }
    },
    "getblue": {
      "trigger": "minecraft:inventory_changed",
      "conditions": {
        "items": [
		  {
            "items": [
              "minecraft:blue_wool"
            ]
          }
        ]
      }
    },
    "getbrown": {
      "trigger": "minecraft:inventory_changed",
      "conditions": {
        "items": [
		  {
            "items": [
              "minecraft:brown_wool"
            ]
          }
        ]
      }
    },
    "getcyan": {
      "trigger": "minecraft:inventory_changed",
      "conditions": {
        "items": [
		  {
            "items": [
              "minecraft:cyan_wool"
            ]
          }
        ]
      }
    },
    "getgray": {
      "trigger": "minecraft:inventory_changed",
      "conditions": {
        "items": [
		  {
            "items": [
              "minecraft:gray_wool"
            ]
          }
        ]
      }
    },
    "getgreen": {
      "trigger": "minecraft:inventory_changed",
      "conditions": {
        "items": [
		  {
            "items": [
              "minecraft:green_wool"
            ]
          }
        ]
      }
    },
    "getlightblue": {
      "trigger": "minecraft:inventory_changed",
      "conditions": {
        "items": [
		  {
            "items": [
              "minecraft:light_blue_wool"
            ]
          }
        ]
      }
    },
    "getlightgray": {
      "trigger": "minecraft:inventory_changed",
      "conditions": {
        "items": [
		  {
            "items": [
              "minecraft:light_gray_wool"
            ]
          }
        ]
      }
    },
    "getlime": {
      "trigger": "minecraft:inventory_changed",
      "conditions": {
        "items": [
		  {
            "items": [
              "minecraft:lime_wool"
            ]
          }
        ]
      }
    },
    "getmagenta": {
      "trigger": "minecraft:inventory_changed",
      "conditions": {
        "items": [
		  {
            "items": [
              "minecraft:magenta_wool"
            ]
          }
        ]
      }
    },
    "getorange": {
      "trigger": "minecraft:inventory_changed",
      "conditions": {
        "items": [
		  {
            "items": [
              "minecraft:orange_wool"
            ]
          }
        ]
      }
    },
    "getpink": {
      "trigger": "minecraft:inventory_changed",
      "conditions": {
        "items": [
		  {
            "items": [
              "minecraft:pink_wool"
            ]
          }
        ]
      }
    },
    "getpurple": {
      "trigger": "minecraft:inventory_changed",
      "conditions": {
        "items": [
		  {
            "items": [
              "minecraft:purple_wool"
            ]
          }
        ]
      }
    },
    "getred": {
      "trigger": "minecraft:inventory_changed",
      "conditions": {
        "items": [
		  {
            "items": [
              "minecraft:red_wool"
            ]
          }
        ]
      }
    },
    "getwhite": {
      "trigger": "minecraft:inventory_changed",
      "conditions": {
        "items": [
		  {
            "items": [
              "minecraft:white_wool"
            ]
          }
        ]
      }
    },
    "getyellow": {
      "trigger": "minecraft:inventory_changed",
      "conditions": {
        "items": [
		  {
            "items": [
              "minecraft:yellow_wool"
            ]
          }
        ]
      }
    }
  },
  "rewards": {
      "function": "bingo:check"
  },
  "parent": "bingo:22"
}
