{
  "display": {
    "icon": {
      "item": "minecraft:iron_boots"
    },
    "title": "*Net Zero",
    "description": "Be affected by speed and slowness at the same time",
    "frame": "task",
    "show_toast": true,
    "announce_to_chat": true,
    "hidden": false
  },
  "criteria": {
    "effect": {
      "trigger": "minecraft:effects_changed",
      "conditions": {
        "effects": {
          "minecraft:speed": {},
          "minecraft:slowness": {}
        }
      }
    }
  },
  "rewards": {
      "function": "bingo:check"
  },
  "parent": "bingo:23"
}
