{
  "display": {
    "icon": {
      "item": "minecraft:poisonous_potato"
    },
    "title": "*It's a Bit Expired, but Probably Fine",
    "description": "Eat a poisonous potato",
    "frame": "task",
    "show_toast": true,
    "announce_to_chat": true,
    "hidden": false
  },
  "criteria": {
    "eat": {
      "trigger": "minecraft:consume_item",
      "conditions": {
        "item": {
          "items": [
            "minecraft:poisonous_potato"
          ]
        }
      }
    }
  },
  "rewards": {
      "function": "bingo:check"
  },
  "parent": "bingo:24"
}
