{
  "display": {
    "icon": {
      "item": "minecraft:spyglass"
    },
    "title": "*Eye Spy",
    "description": "Obtain a spyglass",
    "frame": "task",
    "show_toast": true,
    "announce_to_chat": true,
    "hidden": false
  },
  "criteria": {
    "get": {
      "trigger": "minecraft:inventory_changed",
      "conditions": {
        "items": [
          {
            "items": [
              "minecraft:spyglass"
            ]
          }
        ]
      }
    }
  },
  "rewards": {
      "function": "bingo:check"
  },
  "parent": "bingo:30"
}
