{
  "display": {
    "icon": {
      "item": "minecraft:powered_rail"
    },
    "title": "*Choo Choo!",
    "description": "Power a furnace in a minecart",
    "frame": "task",
    "show_toast": true,
    "announce_to_chat": true,
    "hidden": false
  },
  "criteria": {
    "use": {
      "trigger": "minecraft:player_interacted_with_entity",
      "conditions": {
        "item": {
          "items": [
            "minecraft:coal",
            "minecraft:charcoal"
          ]
        },
        "entity": {
          "type": "minecraft:furnace_minecart"
        }
      }
    }
  },
  "rewards": {
      "function": "bingo:check"
  },
  "parent": "bingo:32"
}
