{
  "display": {
    "icon": {
      "item": "minecraft:barrier"
    },
    "title": "*Astronaut",
    "description": "Reach Y coordinate 260",
    "frame": "challenge",
    "show_toast": true,
    "announce_to_chat": true,
    "hidden": false
  },
  "criteria": {
    "travel": {
      "trigger": "minecraft:location",
      "conditions": {
        "location": {
          "position": {
            "y": {
              "min": 260,
              "max": 300
            }
          }
        }
      }
    }
  },
  "rewards": {
      "function": "bingo:check"
  },
  "parent": "bingo:34"
}
