{
  "display": {
    "icon": {
      "item": "minecraft:bricks"
    },
    "title": "*The Third Pig",
    "description": "Obtain half a stack of brick blocks",
    "frame": "task",
    "show_toast": true,
    "announce_to_chat": true,
    "hidden": false
  },
  "criteria": {
    "get": {
      "trigger": "minecraft:inventory_changed",
      "conditions": {
        "items": [
          {
            "items": [
              "minecraft:bricks"
            ],
            "count": {
              "min": 32,
              "max": 64
            }
          }
        ]
      }
    }
  },
  "rewards": {
      "function": "bingo:check"
  },
  "parent": "bingo:~"
}
