{
  "display": {
    "icon": {
      "item": "minecraft:candle"
    },
    "title": "*Are You One, Are You Two...",
    "description": "Light a candle with flint and steel",
    "frame": "task",
    "show_toast": true,
    "announce_to_chat": true,
    "hidden": false
  },
  "criteria": {
    "light": {
      "trigger": "minecraft:item_used_on_block",
      "conditions": {
        "item": {
          "items": [
            "minecraft:flint_and_steel"
          ]
        },
        "location": {
          "block": {
            "tag": "minecraft:candles"
          }
        }
      }
    }
  },
  "rewards": {
      "function": "bingo:check"
  },
  "parent": "bingo:~"
}
