{
  "display": {
    "icon": {
      "item": "minecraft:cauldron"
    },
    "title": "*Human Soup",
    "description": "Get in a cauldron filled with lava",
    "frame": "task",
    "show_toast": true,
    "announce_to_chat": true,
    "hidden": false
  },
  "criteria": {
    "do": {
      "trigger": "minecraft:enter_block",
      "conditions": {
        "block": "minecraft:lava_cauldron"
      }
    }
  },
  "rewards": {
      "function": "bingo:check"
  },
  "parent": "bingo:~"
}
