{
  "display": {
    "icon": {
      "item": "minecraft:diamond_block"
    },
    "title": "*Diamond Dump",
    "description": "Place a diamond block",
    "frame": "task",
    "show_toast": true,
    "announce_to_chat": true,
    "hidden": false
  },
  "criteria": {
    "place": {
      "trigger": "minecraft:placed_block",
      "conditions": {
        "block": "minecraft:diamond_block"
      }
    }
  },
  "rewards": {
      "function": "bingo:check"
  },
  "parent": "bingo:~"
}
