{
  "display": {
    "icon": {
      "item": "minecraft:bedrock"
    },
    "title": "*Prodding the Void",
    "description": "Reach Y coordinate 1",
    "frame": "task",
    "show_toast": true,
    "announce_to_chat": true,
    "hidden": false
  },
  "criteria": {
    "travel": {
      "trigger": "minecraft:location",
      "conditions": {
        "location": {
          "position": {
            "y": {
              "min": 0,
              "max": 1
            }
          }
        }
      }
    }
  },
  "rewards": {
      "function": "bingo:check"
  },
  "parent": "bingo:~"
}
