{
  "display": {
    "icon": {
      "item": "minecraft:prismarine_bricks"
    },
    "title": "*Eyes On You",
    "description": "Kill an elder guardian",
    "frame": "challenge",
    "show_toast": true,
    "announce_to_chat": true,
    "hidden": false
  },
  "criteria": {
    "kill": {
      "trigger": "minecraft:player_killed_entity",
      "conditions": {
        "entity": {
          "type": "minecraft:elder_guardian"
        }
      }
    }
  },
  "rewards": {
      "function": "bingo:check"
  },
  "parent": "bingo:~"
}
