{
  "display": {
    "icon": {
      "item": "minecraft:emerald"
    },
    "title": "*Stack o' Cash",
    "description": "Obtain a stack of emeralds",
    "frame": "task",
    "show_toast": true,
    "announce_to_chat": true,
    "hidden": false
  },
  "criteria": {
    "get": {
      "trigger": "minecraft:inventory_changed",
      "conditions": {
        "items": [
          {
            "items": [
              "minecraft:emerald"
            ],
            "count": 64
          }
        ]
      }
    }
  },
  "rewards": {
      "function": "bingo:check"
  },
  "parent": "bingo:~"
}
