{
  "display": {
    "icon": {
      "item": "minecraft:chest"
    },
    "title": "*Hoarder",
    "description": "Have a full inventory",
    "frame": "task",
    "show_toast": true,
    "announce_to_chat": true,
    "hidden": false
  },
  "criteria": {
    "get": {
      "trigger": "minecraft:inventory_changed",
      "conditions": {
        "slots": {
          "full": 41
        }
      }
    }
  },
  "rewards": {
      "function": "bingo:check"
  },
  "parent": "bingo:~"
}
