{
  "display": {
    "icon": {
      "item": "minecraft:leather_chestplate"
    },
    "title": "*Fashion Icon",
    "description": "Equip a full set of leather armour",
    "frame": "task",
    "show_toast": true,
    "announce_to_chat": true,
    "hidden": false
  },
  "criteria": {
    "armour": {
      "trigger": "minecraft:inventory_changed",
      "conditions": {
        "player": {
          "equipment": {
            "head": {
              "items": [
                "minecraft:leather_helmet"
              ]
            },
            "chest": {
              "items": [
                "minecraft:leather_chestplate"
              ]
            },
            "legs": {
              "items": [
                "minecraft:leather_leggings"
              ]
            },
            "feet": {
              "items": [
                "minecraft:leather_boots"
              ]
            }
          }
        }
      }
    }
  },
  "rewards": {
      "function": "bingo:check"
  },
  "parent": "bingo:~"
}
