{
  "display": {
    "icon": {
      "item": "minecraft:lectern"
    },
    "title": "*Book Club",
    "description": "Place a written book on a lectern",
    "frame": "task",
    "show_toast": true,
    "announce_to_chat": true,
    "hidden": false
  },
  "criteria": {
    "use": {
      "trigger": "minecraft:item_used_on_block",
      "conditions": {
        "item": {
          "items": [
            "minecraft:written_book"
          ]
        },
        "location": {
          "block": {
            "blocks": [
              "minecraft:lectern"
            ]
          }
        }
      }
    }
  },
  "rewards": {
      "function": "bingo:check"
  },
  "parent": "bingo:~"
}
