{
  "display": {
    "icon": {
      "item": "minecraft:music_disc_13"
    },
    "title": "*DJ",
    "description": "Play a music disc in a jukebox",
    "frame": "challenge",
    "show_toast": true,
    "announce_to_chat": true,
    "hidden": false
  },
  "criteria": {
    "get": {
      "trigger": "minecraft:item_used_on_block",
      "conditions": {
        "item": {
          "items": [
            "minecraft:music_disc_13",
			"minecraft:music_disc_cat",
			"minecraft:music_disc_blocks",
			"minecraft:music_disc_chirp",
			"minecraft:music_disc_far",
			"minecraft:music_disc_mall",
			"minecraft:music_disc_mellohi",
			"minecraft:music_disc_stal",
			"minecraft:music_disc_strad",
			"minecraft:music_disc_ward",
			"minecraft:music_disc_11",
			"minecraft:music_disc_wait",
			"minecraft:music_disc_pigstep"
          ]
        },
        "location": {
          "block": {
            "blocks": [
              "minecraft:jukebox"
            ]
          }
        }
      }
    }
  },
  "rewards": {
      "function": "bingo:check"
  },
  "parent": "bingo:~"
}
