{
  "display": {
    "icon": {
      "item": "minecraft:waxed_oxidized_copper"
    },
    "title": "*It's a Bit Late For That",
    "description": "Wax an oxidized copper block",
    "frame": "task",
    "show_toast": true,
    "announce_to_chat": true,
    "hidden": false
  },
  "criteria": {
    "use": {
      "trigger": "minecraft:item_used_on_block",
      "conditions": {
        "item": {
          "items": [
            "minecraft:honeycomb"
          ]
        },
        "location": {
          "block": {
            "blocks": [
              "minecraft:oxidized_copper",
              "minecraft:oxidized_cut_copper",
              "minecraft:oxidized_cut_copper_slab",
              "minecraft:oxidized_cut_copper_stairs"
            ]
          }
        }
      }
    }
  },
  "rewards": {
      "function": "bingo:check"
  },
  "parent": "bingo:~"
}
