{
  "display": {
    "icon": {
      "item": "minecraft:pufferfish"
    },
    "title": "*I'm No Chef...",
    "description": "Kill and eat a pufferfish",
    "frame": "task",
    "show_toast": true,
    "announce_to_chat": true,
    "hidden": false
  },
  "criteria": {
    "kill": {
      "trigger": "minecraft:player_killed_entity",
      "conditions": {
        "entity": {
          "type": "minecraft:pufferfish"
        }
      }
    },
    "eat": {
      "trigger": "minecraft:consume_item",
      "conditions": {
        "item": {
          "items": [
            "minecraft:pufferfish"
          ]
        }
      }
    }
  },
  "rewards": {
      "function": "bingo:check"
  },
  "parent": "bingo:~"
}
