{
  "display": {
    "icon": {
      "item": "minecraft:rabbit_stew"
    },
    "title": "*Lucky Meal",
    "description": "Eat a rabbit stew",
    "frame": "task",
    "show_toast": true,
    "announce_to_chat": true,
    "hidden": false
  },
  "criteria": {
    "eat": {
      "trigger": "minecraft:consume_item",
      "conditions": {
        "item": {
          "items": [
            "minecraft:rabbit_stew"
          ]
        }
      }
    }
  },
  "rewards": {
      "function": "bingo:check"
  },
  "parent": "bingo:~"
}
