{
  "display": {
    "icon": {
      "item": "minecraft:raw_copper_block"
    },
    "title": "*It's Raw!",
    "description": "Obtain a raw iron block of copper, iron, and gold",
    "frame": "task",
    "show_toast": true,
    "announce_to_chat": true,
    "hidden": false
  },
  "criteria": {
    "getcopper": {
      "trigger": "minecraft:inventory_changed",
      "conditions": {
        "items": [
          {
            "items": [
              "minecraft:raw_copper_block"
            ]
          }
        ]
      }
    },
    "getiron": {
      "trigger": "minecraft:inventory_changed",
      "conditions": {
        "items": [
          {
            "items": [
              "minecraft:raw_iron_block"
            ]
          }
        ]
      }
    },
    "getgold": {
      "trigger": "minecraft:inventory_changed",
      "conditions": {
        "items": [
          {
            "items": [
              "minecraft:raw_gold_block"
            ]
          }
        ]
      }
    }
  },
  "rewards": {
      "function": "bingo:check"
  },
  "parent": "bingo:~"
}
