{
  "display": {
    "icon": {
      "item": "minecraft:wheat_seeds"
    },
    "title": "*What Are You, a Hamster?",
    "description": "Obtain a stack of every seed type",
    "frame": "task",
    "show_toast": true,
    "announce_to_chat": true,
    "hidden": false
  },
  "criteria": {
    "getbeetroot": {
      "trigger": "minecraft:inventory_changed",
      "conditions": {
        "items": [
          {
            "items": [
              "minecraft:beetroot_seeds"
            ],
            "count": 64
          }
        ]
      }
    },
    "getmelon": {
      "trigger": "minecraft:inventory_changed",
      "conditions": {
        "items": [
          {
            "items": [
              "minecraft:melon_seeds"
            ],
            "count": 64
          }
        ]
      }
    },
    "getpumpkin": {
      "trigger": "minecraft:inventory_changed",
      "conditions": {
        "items": [
          {
            "items": [
              "minecraft:pumpkin_seeds"
            ],
            "count": 64
          }
        ]
      }
    },
    "getwheat": {
      "trigger": "minecraft:inventory_changed",
      "conditions": {
        "items": [
          {
            "items": [
              "minecraft:wheat_seeds"
            ],
            "count": 64
          }
        ]
      }
    }
  },
  "rewards": {
      "function": "bingo:check"
  },
  "parent": "bingo:~"
}
