{
  "display": {
    "icon": {
      "item": "minecraft:arrow"
    },
    "title": "*Stop Hitting Yourself",
    "description": "Shoot yourself with an arrow",
    "frame": "task",
    "show_toast": true,
    "announce_to_chat": true,
    "hidden": false
  },
  "criteria": {
    "hit": {
      "trigger": "minecraft:player_hurt_entity",
      "conditions": {
        "damage": {
          "type": {
            "is_projectile": true
          }
        },
        "entity": {
          "type": "minecraft:player",
          "distance": {
            "absolute": {
              "min": 0,
              "max": 0.1
            }
          }
        }
      }
    }
  },
  "rewards": {
      "function": "bingo:check"
  },
  "parent": "bingo:~"
}
