{
  "display": {
    "icon": {
      "item": "minecraft:snowball"
    },
    "title": "*Snow Soldier",
    "description": "Summon a snow golem",
    "frame": "task",
    "show_toast": true,
    "announce_to_chat": true,
    "hidden": false
  },
  "criteria": {
    "summon": {
      "trigger": "minecraft:summoned_entity",
      "conditions": {
        "entity": {
          "type": "minecraft:snow_golem"
        }
      }
    }
  },
  "rewards": {
      "function": "bingo:check"
  },
  "parent": "bingo:~"
}
