{
  "display": {
    "icon": {
      "item": "minecraft:warped_fungus"
    },
    "title": "*Fiery Romance",
    "description": "Breed striders",
    "frame": "task",
    "show_toast": true,
    "announce_to_chat": true,
    "hidden": false
  },
  "criteria": {
    "breed": {
      "trigger": "minecraft:bred_animals",
      "conditions": {
        "parent": {
          "type": "minecraft:strider"
        },
        "partner": {
          "type": "minecraft:strider"
        }
      }
    }
  },
  "rewards": {
      "function": "bingo:check"
  },
  "parent": "bingo:~"
}
