{
  "display": {
    "icon": {
      "item": "minecraft:leather_helmet"
    },
    "title": "*Dr. Jones",
    "description": "Visit a desert temple, bastion remnant, ocean ruin, and jungle temple",
    "frame": "challenge",
    "show_toast": true,
    "announce_to_chat": true,
    "hidden": false
  },
  "criteria": {
    "traveldesert": {
      "trigger": "minecraft:location",
      "conditions": {
        "location": {
          "feature": "desert_pyramid"
        }
      }
    },
    "traveljungle": {
      "trigger": "minecraft:location",
      "conditions": {
        "location": {
          "feature": "jungle_pyramid"
        }
      }
    },
    "travelbastion": {
      "trigger": "minecraft:location",
      "conditions": {
        "location": {
          "feature": "bastion_remnant"
        }
      }
    },
    "travelocean": {
      "trigger": "minecraft:location",
      "conditions": {
        "location": {
          "feature": "ocean_ruin"
        }
      }
    }
  },
  "rewards": {
      "function": "bingo:check"
  },
  "parent": "bingo:~"
}
