{
  "display": {
    "icon": {
      "item": "minecraft:wooden_sword"
    },
    "title": "*Weakling",
    "description": "Hit something for 0 damage",
    "frame": "task",
    "show_toast": true,
    "announce_to_chat": true,
    "hidden": false
  },
  "criteria": {
    "hit": {
      "trigger": "minecraft:player_hurt_entity",
      "conditions": {
        "damage": {
          "taken": 0
        }
      }
    }
  },
  "rewards": {
      "function": "bingo:check"
  },
  "parent": "bingo:~"
}
